path,file
abhidhamma/ds/ds1,ds1.1_root-pli-ms
abhidhamma/ds/ds1,ds1.2_root-pli-ms
abhidhamma/ds/ds1,ds1.3_root-pli-ms
abhidhamma/ds/ds2,ds2.1.10_root-pli-ms
abhidhamma/ds/ds2,ds2.1.1_root-pli-ms
abhidhamma/ds/ds2,ds2.1.2_root-pli-ms
abhidhamma/ds/ds2,ds2.1.3_root-pli-ms
abhidhamma/ds/ds2,ds2.1.4_root-pli-ms
abhidhamma/ds/ds2,ds2.1.5_root-pli-ms
abhidhamma/ds/ds2,ds2.1.6_root-pli-ms
abhidhamma/ds/ds2,ds2.1.7_root-pli-ms
abhidhamma/ds/ds2,ds2.1.8_root-pli-ms
abhidhamma/ds/ds2,ds2.1.9_root-pli-ms
abhidhamma/ds/ds2,ds2.2.1_root-pli-ms
abhidhamma/ds/ds2,ds2.2.2_root-pli-ms
abhidhamma/ds/ds2,ds2.2.3_root-pli-ms
abhidhamma/ds/ds2,ds2.3.1_root-pli-ms
abhidhamma/ds/ds2,ds2.3.2_root-pli-ms
abhidhamma/ds/ds2,ds2.3.3_root-pli-ms
abhidhamma/ds/ds2,ds2.4.1_root-pli-ms
abhidhamma/ds/ds2,ds2.4.2_root-pli-ms
abhidhamma/dt/dt1,dt1.1_root-pli-ms
abhidhamma/dt/dt1,dt1.2_root-pli-ms
abhidhamma/dt/dt1,dt1.3_root-pli-ms
abhidhamma/dt/dt1,dt1.4_root-pli-ms
abhidhamma/dt/dt1,dt1.5_root-pli-ms
abhidhamma/dt/dt2,dt2.10_root-pli-ms
abhidhamma/dt/dt2,dt2.11_root-pli-ms
abhidhamma/dt/dt2,dt2.12_root-pli-ms
abhidhamma/dt/dt2,dt2.13_root-pli-ms
abhidhamma/dt/dt2,dt2.14_root-pli-ms
abhidhamma/dt/dt2,dt2.1_root-pli-ms
abhidhamma/dt/dt2,dt2.2_root-pli-ms
abhidhamma/dt/dt2,dt2.3_root-pli-ms
abhidhamma/dt/dt2,dt2.4_root-pli-ms
abhidhamma/dt/dt2,dt2.5_root-pli-ms
abhidhamma/dt/dt2,dt2.6_root-pli-ms
abhidhamma/dt/dt2,dt2.7_root-pli-ms
abhidhamma/dt/dt2,dt2.8_root-pli-ms
abhidhamma/dt/dt2,dt2.9_root-pli-ms
abhidhamma/kv/kv1,kv1.10_root-pli-ms
abhidhamma/kv/kv1,kv1.1_root-pli-ms
abhidhamma/kv/kv1,kv1.2_root-pli-ms
abhidhamma/kv/kv1,kv1.3_root-pli-ms
abhidhamma/kv/kv1,kv1.4_root-pli-ms
abhidhamma/kv/kv1,kv1.5_root-pli-ms
abhidhamma/kv/kv1,kv1.6_root-pli-ms
abhidhamma/kv/kv1,kv1.7_root-pli-ms
abhidhamma/kv/kv1,kv1.8_root-pli-ms
abhidhamma/kv/kv1,kv1.9_root-pli-ms
abhidhamma/kv/kv10,kv10.10_root-pli-ms
abhidhamma/kv/kv10,kv10.11_root-pli-ms
abhidhamma/kv/kv10,kv10.1_root-pli-ms
abhidhamma/kv/kv10,kv10.2_root-pli-ms
abhidhamma/kv/kv10,kv10.3_root-pli-ms
abhidhamma/kv/kv10,kv10.4_root-pli-ms
abhidhamma/kv/kv10,kv10.5_root-pli-ms
abhidhamma/kv/kv10,kv10.6_root-pli-ms
abhidhamma/kv/kv10,kv10.7_root-pli-ms
abhidhamma/kv/kv10,kv10.8_root-pli-ms
abhidhamma/kv/kv10,kv10.9_root-pli-ms
abhidhamma/kv/kv11,kv11.1_root-pli-ms
abhidhamma/kv/kv11,kv11.2_root-pli-ms
abhidhamma/kv/kv11,kv11.3_root-pli-ms
abhidhamma/kv/kv11,kv11.4_root-pli-ms
abhidhamma/kv/kv11,kv11.5_root-pli-ms
abhidhamma/kv/kv11,kv11.6_root-pli-ms
abhidhamma/kv/kv11,kv11.7_root-pli-ms
abhidhamma/kv/kv11,kv11.8_root-pli-ms
abhidhamma/kv/kv12,kv12.10_root-pli-ms
abhidhamma/kv/kv12,kv12.1_root-pli-ms
abhidhamma/kv/kv12,kv12.2_root-pli-ms
abhidhamma/kv/kv12,kv12.3_root-pli-ms
abhidhamma/kv/kv12,kv12.4_root-pli-ms
abhidhamma/kv/kv12,kv12.5_root-pli-ms
abhidhamma/kv/kv12,kv12.6_root-pli-ms
abhidhamma/kv/kv12,kv12.7_root-pli-ms
abhidhamma/kv/kv12,kv12.8_root-pli-ms
abhidhamma/kv/kv12,kv12.9_root-pli-ms
abhidhamma/kv/kv13,kv13.10_root-pli-ms
abhidhamma/kv/kv13,kv13.1_root-pli-ms
abhidhamma/kv/kv13,kv13.2_root-pli-ms
abhidhamma/kv/kv13,kv13.3_root-pli-ms
abhidhamma/kv/kv13,kv13.4_root-pli-ms
abhidhamma/kv/kv13,kv13.5_root-pli-ms
abhidhamma/kv/kv13,kv13.6_root-pli-ms
abhidhamma/kv/kv13,kv13.7_root-pli-ms
abhidhamma/kv/kv13,kv13.8_root-pli-ms
abhidhamma/kv/kv13,kv13.9_root-pli-ms
abhidhamma/kv/kv14,kv14.1_root-pli-ms
abhidhamma/kv/kv14,kv14.2_root-pli-ms
abhidhamma/kv/kv14,kv14.3_root-pli-ms
abhidhamma/kv/kv14,kv14.4_root-pli-ms
abhidhamma/kv/kv14,kv14.5_root-pli-ms
abhidhamma/kv/kv14,kv14.6_root-pli-ms
abhidhamma/kv/kv14,kv14.7_root-pli-ms
abhidhamma/kv/kv14,kv14.8_root-pli-ms
abhidhamma/kv/kv14,kv14.9_root-pli-ms
abhidhamma/kv/kv15,kv15.10_root-pli-ms
abhidhamma/kv/kv15,kv15.11_root-pli-ms
abhidhamma/kv/kv15,kv15.1_root-pli-ms
abhidhamma/kv/kv15,kv15.2_root-pli-ms
abhidhamma/kv/kv15,kv15.3_root-pli-ms
abhidhamma/kv/kv15,kv15.4_root-pli-ms
abhidhamma/kv/kv15,kv15.5_root-pli-ms
abhidhamma/kv/kv15,kv15.6_root-pli-ms
abhidhamma/kv/kv15,kv15.7_root-pli-ms
abhidhamma/kv/kv15,kv15.8_root-pli-ms
abhidhamma/kv/kv15,kv15.9_root-pli-ms
abhidhamma/kv/kv16,kv16.10_root-pli-ms
abhidhamma/kv/kv16,kv16.1_root-pli-ms
abhidhamma/kv/kv16,kv16.2_root-pli-ms
abhidhamma/kv/kv16,kv16.3_root-pli-ms
abhidhamma/kv/kv16,kv16.4_root-pli-ms
abhidhamma/kv/kv16,kv16.5_root-pli-ms
abhidhamma/kv/kv16,kv16.6_root-pli-ms
abhidhamma/kv/kv16,kv16.7_root-pli-ms
abhidhamma/kv/kv16,kv16.8_root-pli-ms
abhidhamma/kv/kv16,kv16.9_root-pli-ms
abhidhamma/kv/kv17,kv17.10_root-pli-ms
abhidhamma/kv/kv17,kv17.11_root-pli-ms
abhidhamma/kv/kv17,kv17.1_root-pli-ms
abhidhamma/kv/kv17,kv17.2_root-pli-ms
abhidhamma/kv/kv17,kv17.3_root-pli-ms
abhidhamma/kv/kv17,kv17.4_root-pli-ms
abhidhamma/kv/kv17,kv17.5_root-pli-ms
abhidhamma/kv/kv17,kv17.6_root-pli-ms
abhidhamma/kv/kv17,kv17.7_root-pli-ms
abhidhamma/kv/kv17,kv17.8_root-pli-ms
abhidhamma/kv/kv17,kv17.9_root-pli-ms
abhidhamma/kv/kv18,kv18.1_root-pli-ms
abhidhamma/kv/kv18,kv18.2_root-pli-ms
abhidhamma/kv/kv18,kv18.3_root-pli-ms
abhidhamma/kv/kv18,kv18.4_root-pli-ms
abhidhamma/kv/kv18,kv18.5_root-pli-ms
abhidhamma/kv/kv18,kv18.6_root-pli-ms
abhidhamma/kv/kv18,kv18.7_root-pli-ms
abhidhamma/kv/kv18,kv18.8_root-pli-ms
abhidhamma/kv/kv18,kv18.9_root-pli-ms
abhidhamma/kv/kv19,kv19.1_root-pli-ms
abhidhamma/kv/kv19,kv19.2_root-pli-ms
abhidhamma/kv/kv19,kv19.3_root-pli-ms
abhidhamma/kv/kv19,kv19.4_root-pli-ms
abhidhamma/kv/kv19,kv19.5_root-pli-ms
abhidhamma/kv/kv19,kv19.6_root-pli-ms
abhidhamma/kv/kv19,kv19.7_root-pli-ms
abhidhamma/kv/kv19,kv19.8_root-pli-ms
abhidhamma/kv/kv2,kv2.10_root-pli-ms
abhidhamma/kv/kv2,kv2.11_root-pli-ms
abhidhamma/kv/kv2,kv2.1_root-pli-ms
abhidhamma/kv/kv2,kv2.2_root-pli-ms
abhidhamma/kv/kv2,kv2.3_root-pli-ms
abhidhamma/kv/kv2,kv2.4_root-pli-ms
abhidhamma/kv/kv2,kv2.5_root-pli-ms
abhidhamma/kv/kv2,kv2.6_root-pli-ms
abhidhamma/kv/kv2,kv2.7_root-pli-ms
abhidhamma/kv/kv2,kv2.8_root-pli-ms
abhidhamma/kv/kv2,kv2.9_root-pli-ms
abhidhamma/kv/kv20,kv20.1_root-pli-ms
abhidhamma/kv/kv20,kv20.2_root-pli-ms
abhidhamma/kv/kv20,kv20.3_root-pli-ms
abhidhamma/kv/kv20,kv20.4_root-pli-ms
abhidhamma/kv/kv20,kv20.5_root-pli-ms
abhidhamma/kv/kv20,kv20.6_root-pli-ms
abhidhamma/kv/kv21,kv21.1_root-pli-ms
abhidhamma/kv/kv21,kv21.2_root-pli-ms
abhidhamma/kv/kv21,kv21.3_root-pli-ms
abhidhamma/kv/kv21,kv21.4_root-pli-ms
abhidhamma/kv/kv21,kv21.5_root-pli-ms
abhidhamma/kv/kv21,kv21.6_root-pli-ms
abhidhamma/kv/kv21,kv21.7_root-pli-ms
abhidhamma/kv/kv21,kv21.8_root-pli-ms
abhidhamma/kv/kv22,kv22.1_root-pli-ms
abhidhamma/kv/kv22,kv22.2_root-pli-ms
abhidhamma/kv/kv22,kv22.3_root-pli-ms
abhidhamma/kv/kv22,kv22.4_root-pli-ms
abhidhamma/kv/kv22,kv22.5_root-pli-ms
abhidhamma/kv/kv22,kv22.6_root-pli-ms
abhidhamma/kv/kv22,kv22.7_root-pli-ms
abhidhamma/kv/kv22,kv22.8_root-pli-ms
abhidhamma/kv/kv23,kv23.1_root-pli-ms
abhidhamma/kv/kv23,kv23.2_root-pli-ms
abhidhamma/kv/kv23,kv23.3_root-pli-ms
abhidhamma/kv/kv23,kv23.4_root-pli-ms
abhidhamma/kv/kv23,kv23.5_root-pli-ms
abhidhamma/kv/kv3,kv3.10_root-pli-ms
abhidhamma/kv/kv3,kv3.11_root-pli-ms
abhidhamma/kv/kv3,kv3.12_root-pli-ms
abhidhamma/kv/kv3,kv3.1_root-pli-ms
abhidhamma/kv/kv3,kv3.2_root-pli-ms
abhidhamma/kv/kv3,kv3.3_root-pli-ms
abhidhamma/kv/kv3,kv3.4_root-pli-ms
abhidhamma/kv/kv3,kv3.5_root-pli-ms
abhidhamma/kv/kv3,kv3.6_root-pli-ms
abhidhamma/kv/kv3,kv3.7_root-pli-ms
abhidhamma/kv/kv3,kv3.8_root-pli-ms
abhidhamma/kv/kv3,kv3.9_root-pli-ms
abhidhamma/kv/kv4,kv4.10_root-pli-ms
abhidhamma/kv/kv4,kv4.1_root-pli-ms
abhidhamma/kv/kv4,kv4.2_root-pli-ms
abhidhamma/kv/kv4,kv4.3_root-pli-ms
abhidhamma/kv/kv4,kv4.4_root-pli-ms
abhidhamma/kv/kv4,kv4.5_root-pli-ms
abhidhamma/kv/kv4,kv4.6_root-pli-ms
abhidhamma/kv/kv4,kv4.7_root-pli-ms
abhidhamma/kv/kv4,kv4.8_root-pli-ms
abhidhamma/kv/kv4,kv4.9_root-pli-ms
abhidhamma/kv/kv5,kv5.10_root-pli-ms
abhidhamma/kv/kv5,kv5.1_root-pli-ms
abhidhamma/kv/kv5,kv5.2_root-pli-ms
abhidhamma/kv/kv5,kv5.3_root-pli-ms
abhidhamma/kv/kv5,kv5.4_root-pli-ms
abhidhamma/kv/kv5,kv5.5_root-pli-ms
abhidhamma/kv/kv5,kv5.6_root-pli-ms
abhidhamma/kv/kv5,kv5.7_root-pli-ms
abhidhamma/kv/kv5,kv5.8_root-pli-ms
abhidhamma/kv/kv5,kv5.9_root-pli-ms
abhidhamma/kv/kv6,kv6.10_root-pli-ms
abhidhamma/kv/kv6,kv6.1_root-pli-ms
abhidhamma/kv/kv6,kv6.2_root-pli-ms
abhidhamma/kv/kv6,kv6.3_root-pli-ms
abhidhamma/kv/kv6,kv6.4_root-pli-ms
abhidhamma/kv/kv6,kv6.5_root-pli-ms
abhidhamma/kv/kv6,kv6.6_root-pli-ms
abhidhamma/kv/kv6,kv6.7_root-pli-ms
abhidhamma/kv/kv6,kv6.8_root-pli-ms
abhidhamma/kv/kv6,kv6.9_root-pli-ms
abhidhamma/kv/kv7,kv7.10_root-pli-ms
abhidhamma/kv/kv7,kv7.1_root-pli-ms
abhidhamma/kv/kv7,kv7.2_root-pli-ms
abhidhamma/kv/kv7,kv7.3_root-pli-ms
abhidhamma/kv/kv7,kv7.4_root-pli-ms
abhidhamma/kv/kv7,kv7.5_root-pli-ms
abhidhamma/kv/kv7,kv7.6_root-pli-ms
abhidhamma/kv/kv7,kv7.7_root-pli-ms
abhidhamma/kv/kv7,kv7.8_root-pli-ms
abhidhamma/kv/kv7,kv7.9_root-pli-ms
abhidhamma/kv/kv8,kv8.10_root-pli-ms
abhidhamma/kv/kv8,kv8.11_root-pli-ms
abhidhamma/kv/kv8,kv8.1_root-pli-ms
abhidhamma/kv/kv8,kv8.2_root-pli-ms
abhidhamma/kv/kv8,kv8.3_root-pli-ms
abhidhamma/kv/kv8,kv8.4_root-pli-ms
abhidhamma/kv/kv8,kv8.5_root-pli-ms
abhidhamma/kv/kv8,kv8.6_root-pli-ms
abhidhamma/kv/kv8,kv8.7_root-pli-ms
abhidhamma/kv/kv8,kv8.8_root-pli-ms
abhidhamma/kv/kv8,kv8.9_root-pli-ms
abhidhamma/kv/kv9,kv9.10_root-pli-ms
abhidhamma/kv/kv9,kv9.11_root-pli-ms
abhidhamma/kv/kv9,kv9.1_root-pli-ms
abhidhamma/kv/kv9,kv9.2_root-pli-ms
abhidhamma/kv/kv9,kv9.3_root-pli-ms
abhidhamma/kv/kv9,kv9.4_root-pli-ms
abhidhamma/kv/kv9,kv9.5_root-pli-ms
abhidhamma/kv/kv9,kv9.6_root-pli-ms
abhidhamma/kv/kv9,kv9.7_root-pli-ms
abhidhamma/kv/kv9,kv9.8_root-pli-ms
abhidhamma/kv/kv9,kv9.9_root-pli-ms
abhidhamma/patthana/patthana1,patthana1.10_root-pli-ms
abhidhamma/patthana/patthana1,patthana1.11_root-pli-ms
abhidhamma/patthana/patthana1,patthana1.12_root-pli-ms
abhidhamma/patthana/patthana1,patthana1.13_root-pli-ms
abhidhamma/patthana/patthana1,patthana1.14_root-pli-ms
abhidhamma/patthana/patthana1,patthana1.15_root-pli-ms
abhidhamma/patthana/patthana1,patthana1.16_root-pli-ms
abhidhamma/patthana/patthana1,patthana1.17_root-pli-ms
abhidhamma/patthana/patthana1,patthana1.18_root-pli-ms
abhidhamma/patthana/patthana1,patthana1.19_root-pli-ms
abhidhamma/patthana/patthana1,patthana1.1_root-pli-ms
abhidhamma/patthana/patthana1,patthana1.20_root-pli-ms
abhidhamma/patthana/patthana1,patthana1.21_root-pli-ms
abhidhamma/patthana/patthana1,patthana1.22_root-pli-ms
abhidhamma/patthana/patthana1,patthana1.23_root-pli-ms
abhidhamma/patthana/patthana1,patthana1.2_root-pli-ms
abhidhamma/patthana/patthana1,patthana1.3_root-pli-ms
abhidhamma/patthana/patthana1,patthana1.4_root-pli-ms
abhidhamma/patthana/patthana1,patthana1.5_root-pli-ms
abhidhamma/patthana/patthana1,patthana1.6_root-pli-ms
abhidhamma/patthana/patthana1,patthana1.7_root-pli-ms
abhidhamma/patthana/patthana1,patthana1.8_root-pli-ms
abhidhamma/patthana/patthana1,patthana1.9_root-pli-ms
abhidhamma/patthana/patthana10,patthana10.10_root-pli-ms
abhidhamma/patthana/patthana10,patthana10.11_root-pli-ms
abhidhamma/patthana/patthana10,patthana10.12_root-pli-ms
abhidhamma/patthana/patthana10,patthana10.13_root-pli-ms
abhidhamma/patthana/patthana10,patthana10.14_root-pli-ms
abhidhamma/patthana/patthana10,patthana10.15_root-pli-ms
abhidhamma/patthana/patthana10,patthana10.16_root-pli-ms
abhidhamma/patthana/patthana10,patthana10.17_root-pli-ms
abhidhamma/patthana/patthana10,patthana10.1_root-pli-ms
abhidhamma/patthana/patthana10,patthana10.2_root-pli-ms
abhidhamma/patthana/patthana10,patthana10.3_root-pli-ms
abhidhamma/patthana/patthana10,patthana10.4_root-pli-ms
abhidhamma/patthana/patthana10,patthana10.5_root-pli-ms
abhidhamma/patthana/patthana10,patthana10.6_root-pli-ms
abhidhamma/patthana/patthana10,patthana10.7_root-pli-ms
abhidhamma/patthana/patthana10,patthana10.8_root-pli-ms
abhidhamma/patthana/patthana10,patthana10.9_root-pli-ms
abhidhamma/patthana/patthana11,patthana11.10_root-pli-ms
abhidhamma/patthana/patthana11,patthana11.11_root-pli-ms
abhidhamma/patthana/patthana11,patthana11.12_root-pli-ms
abhidhamma/patthana/patthana11,patthana11.13_root-pli-ms
abhidhamma/patthana/patthana11,patthana11.14_root-pli-ms
abhidhamma/patthana/patthana11,patthana11.15_root-pli-ms
abhidhamma/patthana/patthana11,patthana11.16_root-pli-ms
abhidhamma/patthana/patthana11,patthana11.17_root-pli-ms
abhidhamma/patthana/patthana11,patthana11.1_root-pli-ms
abhidhamma/patthana/patthana11,patthana11.2_root-pli-ms
abhidhamma/patthana/patthana11,patthana11.3_root-pli-ms
abhidhamma/patthana/patthana11,patthana11.4_root-pli-ms
abhidhamma/patthana/patthana11,patthana11.5_root-pli-ms
abhidhamma/patthana/patthana11,patthana11.6_root-pli-ms
abhidhamma/patthana/patthana11,patthana11.7_root-pli-ms
abhidhamma/patthana/patthana11,patthana11.8_root-pli-ms
abhidhamma/patthana/patthana11,patthana11.9_root-pli-ms
abhidhamma/patthana/patthana12,patthana12.10_root-pli-ms
abhidhamma/patthana/patthana12,patthana12.11_root-pli-ms
abhidhamma/patthana/patthana12,patthana12.12_root-pli-ms
abhidhamma/patthana/patthana12,patthana12.13_root-pli-ms
abhidhamma/patthana/patthana12,patthana12.14_root-pli-ms
abhidhamma/patthana/patthana12,patthana12.15_root-pli-ms
abhidhamma/patthana/patthana12,patthana12.16_root-pli-ms
abhidhamma/patthana/patthana12,patthana12.17_root-pli-ms
abhidhamma/patthana/patthana12,patthana12.18_root-pli-ms
abhidhamma/patthana/patthana12,patthana12.19_root-pli-ms
abhidhamma/patthana/patthana12,patthana12.1_root-pli-ms
abhidhamma/patthana/patthana12,patthana12.20_root-pli-ms
abhidhamma/patthana/patthana12,patthana12.2_root-pli-ms
abhidhamma/patthana/patthana12,patthana12.3_root-pli-ms
abhidhamma/patthana/patthana12,patthana12.4_root-pli-ms
abhidhamma/patthana/patthana12,patthana12.5_root-pli-ms
abhidhamma/patthana/patthana12,patthana12.6_root-pli-ms
abhidhamma/patthana/patthana12,patthana12.7_root-pli-ms
abhidhamma/patthana/patthana12,patthana12.8_root-pli-ms
abhidhamma/patthana/patthana12,patthana12.9_root-pli-ms
abhidhamma/patthana/patthana13,patthana13.10_root-pli-ms
abhidhamma/patthana/patthana13,patthana13.11_root-pli-ms
abhidhamma/patthana/patthana13,patthana13.12_root-pli-ms
abhidhamma/patthana/patthana13,patthana13.13_root-pli-ms
abhidhamma/patthana/patthana13,patthana13.14_root-pli-ms
abhidhamma/patthana/patthana13,patthana13.15_root-pli-ms
abhidhamma/patthana/patthana13,patthana13.16_root-pli-ms
abhidhamma/patthana/patthana13,patthana13.17_root-pli-ms
abhidhamma/patthana/patthana13,patthana13.18_root-pli-ms
abhidhamma/patthana/patthana13,patthana13.19_root-pli-ms
abhidhamma/patthana/patthana13,patthana13.1_root-pli-ms
abhidhamma/patthana/patthana13,patthana13.20_root-pli-ms
abhidhamma/patthana/patthana13,patthana13.21_root-pli-ms
abhidhamma/patthana/patthana13,patthana13.22_root-pli-ms
abhidhamma/patthana/patthana13,patthana13.2_root-pli-ms
abhidhamma/patthana/patthana13,patthana13.3_root-pli-ms
abhidhamma/patthana/patthana13,patthana13.4_root-pli-ms
abhidhamma/patthana/patthana13,patthana13.5_root-pli-ms
abhidhamma/patthana/patthana13,patthana13.6_root-pli-ms
abhidhamma/patthana/patthana13,patthana13.7_root-pli-ms
abhidhamma/patthana/patthana13,patthana13.8_root-pli-ms
abhidhamma/patthana/patthana13,patthana13.9_root-pli-ms
abhidhamma/patthana/patthana14,patthana14.10_root-pli-ms
abhidhamma/patthana/patthana14,patthana14.11_root-pli-ms
abhidhamma/patthana/patthana14,patthana14.12_root-pli-ms
abhidhamma/patthana/patthana14,patthana14.13_root-pli-ms
abhidhamma/patthana/patthana14,patthana14.14_root-pli-ms
abhidhamma/patthana/patthana14,patthana14.15_root-pli-ms
abhidhamma/patthana/patthana14,patthana14.16_root-pli-ms
abhidhamma/patthana/patthana14,patthana14.17_root-pli-ms
abhidhamma/patthana/patthana14,patthana14.18_root-pli-ms
abhidhamma/patthana/patthana14,patthana14.19_root-pli-ms
abhidhamma/patthana/patthana14,patthana14.1_root-pli-ms
abhidhamma/patthana/patthana14,patthana14.20_root-pli-ms
abhidhamma/patthana/patthana14,patthana14.21_root-pli-ms
abhidhamma/patthana/patthana14,patthana14.22_root-pli-ms
abhidhamma/patthana/patthana14,patthana14.23_root-pli-ms
abhidhamma/patthana/patthana14,patthana14.24_root-pli-ms
abhidhamma/patthana/patthana14,patthana14.25_root-pli-ms
abhidhamma/patthana/patthana14,patthana14.26_root-pli-ms
abhidhamma/patthana/patthana14,patthana14.27_root-pli-ms
abhidhamma/patthana/patthana14,patthana14.28_root-pli-ms
abhidhamma/patthana/patthana14,patthana14.29_root-pli-ms
abhidhamma/patthana/patthana14,patthana14.2_root-pli-ms
abhidhamma/patthana/patthana14,patthana14.30_root-pli-ms
abhidhamma/patthana/patthana14,patthana14.31_root-pli-ms
abhidhamma/patthana/patthana14,patthana14.32_root-pli-ms
abhidhamma/patthana/patthana14,patthana14.33_root-pli-ms
abhidhamma/patthana/patthana14,patthana14.34_root-pli-ms
abhidhamma/patthana/patthana14,patthana14.35_root-pli-ms
abhidhamma/patthana/patthana14,patthana14.36_root-pli-ms
abhidhamma/patthana/patthana14,patthana14.37_root-pli-ms
abhidhamma/patthana/patthana14,patthana14.3_root-pli-ms
abhidhamma/patthana/patthana14,patthana14.4_root-pli-ms
abhidhamma/patthana/patthana14,patthana14.5_root-pli-ms
abhidhamma/patthana/patthana14,patthana14.6_root-pli-ms
abhidhamma/patthana/patthana14,patthana14.7_root-pli-ms
abhidhamma/patthana/patthana14,patthana14.8_root-pli-ms
abhidhamma/patthana/patthana14,patthana14.9_root-pli-ms
abhidhamma/patthana/patthana15,patthana15.10_root-pli-ms
abhidhamma/patthana/patthana15,patthana15.11_root-pli-ms
abhidhamma/patthana/patthana15,patthana15.12_root-pli-ms
abhidhamma/patthana/patthana15,patthana15.13_root-pli-ms
abhidhamma/patthana/patthana15,patthana15.14_root-pli-ms
abhidhamma/patthana/patthana15,patthana15.15_root-pli-ms
abhidhamma/patthana/patthana15,patthana15.16_root-pli-ms
abhidhamma/patthana/patthana15,patthana15.17_root-pli-ms
abhidhamma/patthana/patthana15,patthana15.18_root-pli-ms
abhidhamma/patthana/patthana15,patthana15.19_root-pli-ms
abhidhamma/patthana/patthana15,patthana15.1_root-pli-ms
abhidhamma/patthana/patthana15,patthana15.21_root-pli-ms
abhidhamma/patthana/patthana15,patthana15.22_root-pli-ms
abhidhamma/patthana/patthana15,patthana15.23_root-pli-ms
abhidhamma/patthana/patthana15,patthana15.24_root-pli-ms
abhidhamma/patthana/patthana15,patthana15.25_root-pli-ms
abhidhamma/patthana/patthana15,patthana15.26_root-pli-ms
abhidhamma/patthana/patthana15,patthana15.27_root-pli-ms
abhidhamma/patthana/patthana15,patthana15.28_root-pli-ms
abhidhamma/patthana/patthana15,patthana15.29_root-pli-ms
abhidhamma/patthana/patthana15,patthana15.2_root-pli-ms
abhidhamma/patthana/patthana15,patthana15.30_root-pli-ms
abhidhamma/patthana/patthana15,patthana15.31_root-pli-ms
abhidhamma/patthana/patthana15,patthana15.32_root-pli-ms
abhidhamma/patthana/patthana15,patthana15.33_root-pli-ms
abhidhamma/patthana/patthana15,patthana15.34_root-pli-ms
abhidhamma/patthana/patthana15,patthana15.35_root-pli-ms
abhidhamma/patthana/patthana15,patthana15.36_root-pli-ms
abhidhamma/patthana/patthana15,patthana15.37_root-pli-ms
abhidhamma/patthana/patthana15,patthana15.38_root-pli-ms
abhidhamma/patthana/patthana15,patthana15.39_root-pli-ms
abhidhamma/patthana/patthana15,patthana15.3_root-pli-ms
abhidhamma/patthana/patthana15,patthana15.40_root-pli-ms
abhidhamma/patthana/patthana15,patthana15.41_root-pli-ms
abhidhamma/patthana/patthana15,patthana15.42_root-pli-ms
abhidhamma/patthana/patthana15,patthana15.43_root-pli-ms
abhidhamma/patthana/patthana15,patthana15.44_root-pli-ms
abhidhamma/patthana/patthana15,patthana15.45_root-pli-ms
abhidhamma/patthana/patthana15,patthana15.46_root-pli-ms
abhidhamma/patthana/patthana15,patthana15.47_root-pli-ms
abhidhamma/patthana/patthana15,patthana15.48_root-pli-ms
abhidhamma/patthana/patthana15,patthana15.49_root-pli-ms
abhidhamma/patthana/patthana15,patthana15.4_root-pli-ms
abhidhamma/patthana/patthana15,patthana15.50_root-pli-ms
abhidhamma/patthana/patthana15,patthana15.51_root-pli-ms
abhidhamma/patthana/patthana15,patthana15.52_root-pli-ms
abhidhamma/patthana/patthana15,patthana15.53_root-pli-ms
abhidhamma/patthana/patthana15,patthana15.54_root-pli-ms
abhidhamma/patthana/patthana15,patthana15.55_root-pli-ms
abhidhamma/patthana/patthana15,patthana15.56_root-pli-ms
abhidhamma/patthana/patthana15,patthana15.57_root-pli-ms
abhidhamma/patthana/patthana15,patthana15.58_root-pli-ms
abhidhamma/patthana/patthana15,patthana15.59_root-pli-ms
abhidhamma/patthana/patthana15,patthana15.5_root-pli-ms
abhidhamma/patthana/patthana15,patthana15.60_root-pli-ms
abhidhamma/patthana/patthana15,patthana15.61_root-pli-ms
abhidhamma/patthana/patthana15,patthana15.62_root-pli-ms
abhidhamma/patthana/patthana15,patthana15.63_root-pli-ms
abhidhamma/patthana/patthana15,patthana15.64_root-pli-ms
abhidhamma/patthana/patthana15,patthana15.65_root-pli-ms
abhidhamma/patthana/patthana15,patthana15.66_root-pli-ms
abhidhamma/patthana/patthana15,patthana15.67_root-pli-ms
abhidhamma/patthana/patthana15,patthana15.68_root-pli-ms
abhidhamma/patthana/patthana15,patthana15.69_root-pli-ms
abhidhamma/patthana/patthana15,patthana15.6_root-pli-ms
abhidhamma/patthana/patthana15,patthana15.70_root-pli-ms
abhidhamma/patthana/patthana15,patthana15.71_root-pli-ms
abhidhamma/patthana/patthana15,patthana15.72_root-pli-ms
abhidhamma/patthana/patthana15,patthana15.73_root-pli-ms
abhidhamma/patthana/patthana15,patthana15.74_root-pli-ms
abhidhamma/patthana/patthana15,patthana15.75_root-pli-ms
abhidhamma/patthana/patthana15,patthana15.76_root-pli-ms
abhidhamma/patthana/patthana15,patthana15.77_root-pli-ms
abhidhamma/patthana/patthana15,patthana15.78_root-pli-ms
abhidhamma/patthana/patthana15,patthana15.79_root-pli-ms
abhidhamma/patthana/patthana15,patthana15.7_root-pli-ms
abhidhamma/patthana/patthana15,patthana15.80_root-pli-ms
abhidhamma/patthana/patthana15,patthana15.81_root-pli-ms
abhidhamma/patthana/patthana15,patthana15.82_root-pli-ms
abhidhamma/patthana/patthana15,patthana15.83_root-pli-ms
abhidhamma/patthana/patthana15,patthana15.84_root-pli-ms
abhidhamma/patthana/patthana15,patthana15.85_root-pli-ms
abhidhamma/patthana/patthana15,patthana15.86_root-pli-ms
abhidhamma/patthana/patthana15,patthana15.87_root-pli-ms
abhidhamma/patthana/patthana15,patthana15.88_root-pli-ms
abhidhamma/patthana/patthana15,patthana15.89_root-pli-ms
abhidhamma/patthana/patthana15,patthana15.8_root-pli-ms
abhidhamma/patthana/patthana15,patthana15.90_root-pli-ms
abhidhamma/patthana/patthana15,patthana15.9_root-pli-ms
abhidhamma/patthana/patthana16,patthana16.10_root-pli-ms
abhidhamma/patthana/patthana16,patthana16.11_root-pli-ms
abhidhamma/patthana/patthana16,patthana16.12_root-pli-ms
abhidhamma/patthana/patthana16,patthana16.13_root-pli-ms
abhidhamma/patthana/patthana16,patthana16.14_root-pli-ms
abhidhamma/patthana/patthana16,patthana16.15_root-pli-ms
abhidhamma/patthana/patthana16,patthana16.16_root-pli-ms
abhidhamma/patthana/patthana16,patthana16.17_root-pli-ms
abhidhamma/patthana/patthana16,patthana16.18_root-pli-ms
abhidhamma/patthana/patthana16,patthana16.19_root-pli-ms
abhidhamma/patthana/patthana16,patthana16.1_root-pli-ms
abhidhamma/patthana/patthana16,patthana16.20_root-pli-ms
abhidhamma/patthana/patthana16,patthana16.21_root-pli-ms
abhidhamma/patthana/patthana16,patthana16.22_root-pli-ms
abhidhamma/patthana/patthana16,patthana16.23_root-pli-ms
abhidhamma/patthana/patthana16,patthana16.24_root-pli-ms
abhidhamma/patthana/patthana16,patthana16.25_root-pli-ms
abhidhamma/patthana/patthana16,patthana16.26_root-pli-ms
abhidhamma/patthana/patthana16,patthana16.27_root-pli-ms
abhidhamma/patthana/patthana16,patthana16.28_root-pli-ms
abhidhamma/patthana/patthana16,patthana16.29_root-pli-ms
abhidhamma/patthana/patthana16,patthana16.2_root-pli-ms
abhidhamma/patthana/patthana16,patthana16.30_root-pli-ms
abhidhamma/patthana/patthana16,patthana16.31_root-pli-ms
abhidhamma/patthana/patthana16,patthana16.32_root-pli-ms
abhidhamma/patthana/patthana16,patthana16.33_root-pli-ms
abhidhamma/patthana/patthana16,patthana16.34_root-pli-ms
abhidhamma/patthana/patthana16,patthana16.35_root-pli-ms
abhidhamma/patthana/patthana16,patthana16.36_root-pli-ms
abhidhamma/patthana/patthana16,patthana16.37_root-pli-ms
abhidhamma/patthana/patthana16,patthana16.38_root-pli-ms
abhidhamma/patthana/patthana16,patthana16.39_root-pli-ms
abhidhamma/patthana/patthana16,patthana16.3_root-pli-ms
abhidhamma/patthana/patthana16,patthana16.40_root-pli-ms
abhidhamma/patthana/patthana16,patthana16.41_root-pli-ms
abhidhamma/patthana/patthana16,patthana16.42_root-pli-ms
abhidhamma/patthana/patthana16,patthana16.43_root-pli-ms
abhidhamma/patthana/patthana16,patthana16.44_root-pli-ms
abhidhamma/patthana/patthana16,patthana16.45_root-pli-ms
abhidhamma/patthana/patthana16,patthana16.46_root-pli-ms
abhidhamma/patthana/patthana16,patthana16.47_root-pli-ms
abhidhamma/patthana/patthana16,patthana16.48_root-pli-ms
abhidhamma/patthana/patthana16,patthana16.49_root-pli-ms
abhidhamma/patthana/patthana16,patthana16.4_root-pli-ms
abhidhamma/patthana/patthana16,patthana16.50_root-pli-ms
abhidhamma/patthana/patthana16,patthana16.51_root-pli-ms
abhidhamma/patthana/patthana16,patthana16.52_root-pli-ms
abhidhamma/patthana/patthana16,patthana16.53_root-pli-ms
abhidhamma/patthana/patthana16,patthana16.54_root-pli-ms
abhidhamma/patthana/patthana16,patthana16.55_root-pli-ms
abhidhamma/patthana/patthana16,patthana16.56_root-pli-ms
abhidhamma/patthana/patthana16,patthana16.57_root-pli-ms
abhidhamma/patthana/patthana16,patthana16.58_root-pli-ms
abhidhamma/patthana/patthana16,patthana16.59_root-pli-ms
abhidhamma/patthana/patthana16,patthana16.5_root-pli-ms
abhidhamma/patthana/patthana16,patthana16.60_root-pli-ms
abhidhamma/patthana/patthana16,patthana16.61_root-pli-ms
abhidhamma/patthana/patthana16,patthana16.62_root-pli-ms
abhidhamma/patthana/patthana16,patthana16.63_root-pli-ms
abhidhamma/patthana/patthana16,patthana16.64_root-pli-ms
abhidhamma/patthana/patthana16,patthana16.65_root-pli-ms
abhidhamma/patthana/patthana16,patthana16.66_root-pli-ms
abhidhamma/patthana/patthana16,patthana16.67_root-pli-ms
abhidhamma/patthana/patthana16,patthana16.68_root-pli-ms
abhidhamma/patthana/patthana16,patthana16.69_root-pli-ms
abhidhamma/patthana/patthana16,patthana16.6_root-pli-ms
abhidhamma/patthana/patthana16,patthana16.70_root-pli-ms
abhidhamma/patthana/patthana16,patthana16.71_root-pli-ms
abhidhamma/patthana/patthana16,patthana16.72_root-pli-ms
abhidhamma/patthana/patthana16,patthana16.73_root-pli-ms
abhidhamma/patthana/patthana16,patthana16.74_root-pli-ms
abhidhamma/patthana/patthana16,patthana16.75_root-pli-ms
abhidhamma/patthana/patthana16,patthana16.76_root-pli-ms
abhidhamma/patthana/patthana16,patthana16.77_root-pli-ms
abhidhamma/patthana/patthana16,patthana16.78_root-pli-ms
abhidhamma/patthana/patthana16,patthana16.79_root-pli-ms
abhidhamma/patthana/patthana16,patthana16.7_root-pli-ms
abhidhamma/patthana/patthana16,patthana16.80_root-pli-ms
abhidhamma/patthana/patthana16,patthana16.81_root-pli-ms
abhidhamma/patthana/patthana16,patthana16.82_root-pli-ms
abhidhamma/patthana/patthana16,patthana16.83_root-pli-ms
abhidhamma/patthana/patthana16,patthana16.84_root-pli-ms
abhidhamma/patthana/patthana16,patthana16.85_root-pli-ms
abhidhamma/patthana/patthana16,patthana16.86_root-pli-ms
abhidhamma/patthana/patthana16,patthana16.87_root-pli-ms
abhidhamma/patthana/patthana16,patthana16.88_root-pli-ms
abhidhamma/patthana/patthana16,patthana16.89_root-pli-ms
abhidhamma/patthana/patthana16,patthana16.8_root-pli-ms
abhidhamma/patthana/patthana16,patthana16.90_root-pli-ms
abhidhamma/patthana/patthana16,patthana16.91_root-pli-ms
abhidhamma/patthana/patthana16,patthana16.92_root-pli-ms
abhidhamma/patthana/patthana16,patthana16.93_root-pli-ms
abhidhamma/patthana/patthana16,patthana16.94_root-pli-ms
abhidhamma/patthana/patthana16,patthana16.95_root-pli-ms
abhidhamma/patthana/patthana16,patthana16.9_root-pli-ms
abhidhamma/patthana/patthana17,patthana17.10_root-pli-ms
abhidhamma/patthana/patthana17,patthana17.11_root-pli-ms
abhidhamma/patthana/patthana17,patthana17.12_root-pli-ms
abhidhamma/patthana/patthana17,patthana17.13_root-pli-ms
abhidhamma/patthana/patthana17,patthana17.14_root-pli-ms
abhidhamma/patthana/patthana17,patthana17.15_root-pli-ms
abhidhamma/patthana/patthana17,patthana17.16_root-pli-ms
abhidhamma/patthana/patthana17,patthana17.17_root-pli-ms
abhidhamma/patthana/patthana17,patthana17.18_root-pli-ms
abhidhamma/patthana/patthana17,patthana17.19_root-pli-ms
abhidhamma/patthana/patthana17,patthana17.1_root-pli-ms
abhidhamma/patthana/patthana17,patthana17.20_root-pli-ms
abhidhamma/patthana/patthana17,patthana17.21_root-pli-ms
abhidhamma/patthana/patthana17,patthana17.22_root-pli-ms
abhidhamma/patthana/patthana17,patthana17.23_root-pli-ms
abhidhamma/patthana/patthana17,patthana17.24_root-pli-ms
abhidhamma/patthana/patthana17,patthana17.25_root-pli-ms
abhidhamma/patthana/patthana17,patthana17.26_root-pli-ms
abhidhamma/patthana/patthana17,patthana17.27_root-pli-ms
abhidhamma/patthana/patthana17,patthana17.28_root-pli-ms
abhidhamma/patthana/patthana17,patthana17.29_root-pli-ms
abhidhamma/patthana/patthana17,patthana17.2_root-pli-ms
abhidhamma/patthana/patthana17,patthana17.30_root-pli-ms
abhidhamma/patthana/patthana17,patthana17.31_root-pli-ms
abhidhamma/patthana/patthana17,patthana17.32_root-pli-ms
abhidhamma/patthana/patthana17,patthana17.33_root-pli-ms
abhidhamma/patthana/patthana17,patthana17.3_root-pli-ms
abhidhamma/patthana/patthana17,patthana17.4_root-pli-ms
abhidhamma/patthana/patthana17,patthana17.5_root-pli-ms
abhidhamma/patthana/patthana17,patthana17.6_root-pli-ms
abhidhamma/patthana/patthana17,patthana17.7_root-pli-ms
abhidhamma/patthana/patthana17,patthana17.8_root-pli-ms
abhidhamma/patthana/patthana17,patthana17.9_root-pli-ms
abhidhamma/patthana/patthana18,patthana18.10_root-pli-ms
abhidhamma/patthana/patthana18,patthana18.11_root-pli-ms
abhidhamma/patthana/patthana18,patthana18.12_root-pli-ms
abhidhamma/patthana/patthana18,patthana18.13_root-pli-ms
abhidhamma/patthana/patthana18,patthana18.14_root-pli-ms
abhidhamma/patthana/patthana18,patthana18.15_root-pli-ms
abhidhamma/patthana/patthana18,patthana18.16_root-pli-ms
abhidhamma/patthana/patthana18,patthana18.17_root-pli-ms
abhidhamma/patthana/patthana18,patthana18.18_root-pli-ms
abhidhamma/patthana/patthana18,patthana18.19_root-pli-ms
abhidhamma/patthana/patthana18,patthana18.1_root-pli-ms
abhidhamma/patthana/patthana18,patthana18.20_root-pli-ms
abhidhamma/patthana/patthana18,patthana18.21_root-pli-ms
abhidhamma/patthana/patthana18,patthana18.22_root-pli-ms
abhidhamma/patthana/patthana18,patthana18.23_root-pli-ms
abhidhamma/patthana/patthana18,patthana18.24_root-pli-ms
abhidhamma/patthana/patthana18,patthana18.25_root-pli-ms
abhidhamma/patthana/patthana18,patthana18.26_root-pli-ms
abhidhamma/patthana/patthana18,patthana18.27_root-pli-ms
abhidhamma/patthana/patthana18,patthana18.28_root-pli-ms
abhidhamma/patthana/patthana18,patthana18.29_root-pli-ms
abhidhamma/patthana/patthana18,patthana18.2_root-pli-ms
abhidhamma/patthana/patthana18,patthana18.3_root-pli-ms
abhidhamma/patthana/patthana18,patthana18.4_root-pli-ms
abhidhamma/patthana/patthana18,patthana18.5_root-pli-ms
abhidhamma/patthana/patthana18,patthana18.6_root-pli-ms
abhidhamma/patthana/patthana18,patthana18.7_root-pli-ms
abhidhamma/patthana/patthana18,patthana18.8_root-pli-ms
abhidhamma/patthana/patthana18,patthana18.9_root-pli-ms
abhidhamma/patthana/patthana19,patthana19.10_root-pli-ms
abhidhamma/patthana/patthana19,patthana19.11_root-pli-ms
abhidhamma/patthana/patthana19,patthana19.12_root-pli-ms
abhidhamma/patthana/patthana19,patthana19.13_root-pli-ms
abhidhamma/patthana/patthana19,patthana19.14_root-pli-ms
abhidhamma/patthana/patthana19,patthana19.15_root-pli-ms
abhidhamma/patthana/patthana19,patthana19.16_root-pli-ms
abhidhamma/patthana/patthana19,patthana19.1_root-pli-ms
abhidhamma/patthana/patthana19,patthana19.2_root-pli-ms
abhidhamma/patthana/patthana19,patthana19.3_root-pli-ms
abhidhamma/patthana/patthana19,patthana19.4_root-pli-ms
abhidhamma/patthana/patthana19,patthana19.5_root-pli-ms
abhidhamma/patthana/patthana19,patthana19.6_root-pli-ms
abhidhamma/patthana/patthana19,patthana19.7_root-pli-ms
abhidhamma/patthana/patthana19,patthana19.8_root-pli-ms
abhidhamma/patthana/patthana19,patthana19.9_root-pli-ms
abhidhamma/patthana/patthana2,patthana2.10_root-pli-ms
abhidhamma/patthana/patthana2,patthana2.11_root-pli-ms
abhidhamma/patthana/patthana2,patthana2.12_root-pli-ms
abhidhamma/patthana/patthana2,patthana2.13_root-pli-ms
abhidhamma/patthana/patthana2,patthana2.1_root-pli-ms
abhidhamma/patthana/patthana2,patthana2.2_root-pli-ms
abhidhamma/patthana/patthana2,patthana2.3_root-pli-ms
abhidhamma/patthana/patthana2,patthana2.4_root-pli-ms
abhidhamma/patthana/patthana2,patthana2.5_root-pli-ms
abhidhamma/patthana/patthana2,patthana2.6-7_root-pli-ms
abhidhamma/patthana/patthana2,patthana2.8_root-pli-ms
abhidhamma/patthana/patthana2,patthana2.9_root-pli-ms
abhidhamma/patthana/patthana20,patthana20.1_root-pli-ms
abhidhamma/patthana/patthana20,patthana20.2_root-pli-ms
abhidhamma/patthana/patthana20,patthana20.3_root-pli-ms
abhidhamma/patthana/patthana20,patthana20.4_root-pli-ms
abhidhamma/patthana/patthana20,patthana20.5_root-pli-ms
abhidhamma/patthana/patthana20,patthana20.6_root-pli-ms
abhidhamma/patthana/patthana20,patthana20.7_root-pli-ms
abhidhamma/patthana/patthana20,patthana20.8_root-pli-ms
abhidhamma/patthana/patthana20,patthana20.9_root-pli-ms
abhidhamma/patthana/patthana21,patthana21.10_root-pli-ms
abhidhamma/patthana/patthana21,patthana21.11_root-pli-ms
abhidhamma/patthana/patthana21,patthana21.12_root-pli-ms
abhidhamma/patthana/patthana21,patthana21.13_root-pli-ms
abhidhamma/patthana/patthana21,patthana21.14_root-pli-ms
abhidhamma/patthana/patthana21,patthana21.15_root-pli-ms
abhidhamma/patthana/patthana21,patthana21.16_root-pli-ms
abhidhamma/patthana/patthana21,patthana21.17_root-pli-ms
abhidhamma/patthana/patthana21,patthana21.18_root-pli-ms
abhidhamma/patthana/patthana21,patthana21.19_root-pli-ms
abhidhamma/patthana/patthana21,patthana21.1_root-pli-ms
abhidhamma/patthana/patthana21,patthana21.20_root-pli-ms
abhidhamma/patthana/patthana21,patthana21.21_root-pli-ms
abhidhamma/patthana/patthana21,patthana21.22_root-pli-ms
abhidhamma/patthana/patthana21,patthana21.23_root-pli-ms
abhidhamma/patthana/patthana21,patthana21.24_root-pli-ms
abhidhamma/patthana/patthana21,patthana21.25_root-pli-ms
abhidhamma/patthana/patthana21,patthana21.26_root-pli-ms
abhidhamma/patthana/patthana21,patthana21.27_root-pli-ms
abhidhamma/patthana/patthana21,patthana21.28_root-pli-ms
abhidhamma/patthana/patthana21,patthana21.29_root-pli-ms
abhidhamma/patthana/patthana21,patthana21.2_root-pli-ms
abhidhamma/patthana/patthana21,patthana21.30_root-pli-ms
abhidhamma/patthana/patthana21,patthana21.31_root-pli-ms
abhidhamma/patthana/patthana21,patthana21.32_root-pli-ms
abhidhamma/patthana/patthana21,patthana21.33_root-pli-ms
abhidhamma/patthana/patthana21,patthana21.34_root-pli-ms
abhidhamma/patthana/patthana21,patthana21.35_root-pli-ms
abhidhamma/patthana/patthana21,patthana21.36_root-pli-ms
abhidhamma/patthana/patthana21,patthana21.37_root-pli-ms
abhidhamma/patthana/patthana21,patthana21.38_root-pli-ms
abhidhamma/patthana/patthana21,patthana21.39_root-pli-ms
abhidhamma/patthana/patthana21,patthana21.3_root-pli-ms
abhidhamma/patthana/patthana21,patthana21.40_root-pli-ms
abhidhamma/patthana/patthana21,patthana21.41_root-pli-ms
abhidhamma/patthana/patthana21,patthana21.42_root-pli-ms
abhidhamma/patthana/patthana21,patthana21.43_root-pli-ms
abhidhamma/patthana/patthana21,patthana21.44_root-pli-ms
abhidhamma/patthana/patthana21,patthana21.45_root-pli-ms
abhidhamma/patthana/patthana21,patthana21.46_root-pli-ms
abhidhamma/patthana/patthana21,patthana21.47_root-pli-ms
abhidhamma/patthana/patthana21,patthana21.48_root-pli-ms
abhidhamma/patthana/patthana21,patthana21.49_root-pli-ms
abhidhamma/patthana/patthana21,patthana21.4_root-pli-ms
abhidhamma/patthana/patthana21,patthana21.50_root-pli-ms
abhidhamma/patthana/patthana21,patthana21.51_root-pli-ms
abhidhamma/patthana/patthana21,patthana21.52_root-pli-ms
abhidhamma/patthana/patthana21,patthana21.53_root-pli-ms
abhidhamma/patthana/patthana21,patthana21.54_root-pli-ms
abhidhamma/patthana/patthana21,patthana21.55_root-pli-ms
abhidhamma/patthana/patthana21,patthana21.5_root-pli-ms
abhidhamma/patthana/patthana21,patthana21.6_root-pli-ms
abhidhamma/patthana/patthana21,patthana21.7_root-pli-ms
abhidhamma/patthana/patthana21,patthana21.8_root-pli-ms
abhidhamma/patthana/patthana21,patthana21.9_root-pli-ms
abhidhamma/patthana/patthana22,patthana22.10_root-pli-ms
abhidhamma/patthana/patthana22,patthana22.11_root-pli-ms
abhidhamma/patthana/patthana22,patthana22.12_root-pli-ms
abhidhamma/patthana/patthana22,patthana22.13_root-pli-ms
abhidhamma/patthana/patthana22,patthana22.14_root-pli-ms
abhidhamma/patthana/patthana22,patthana22.15_root-pli-ms
abhidhamma/patthana/patthana22,patthana22.16_root-pli-ms
abhidhamma/patthana/patthana22,patthana22.17_root-pli-ms
abhidhamma/patthana/patthana22,patthana22.18_root-pli-ms
abhidhamma/patthana/patthana22,patthana22.19_root-pli-ms
abhidhamma/patthana/patthana22,patthana22.1_root-pli-ms
abhidhamma/patthana/patthana22,patthana22.20_root-pli-ms
abhidhamma/patthana/patthana22,patthana22.21_root-pli-ms
abhidhamma/patthana/patthana22,patthana22.22_root-pli-ms
abhidhamma/patthana/patthana22,patthana22.23_root-pli-ms
abhidhamma/patthana/patthana22,patthana22.24_root-pli-ms
abhidhamma/patthana/patthana22,patthana22.25_root-pli-ms
abhidhamma/patthana/patthana22,patthana22.26_root-pli-ms
abhidhamma/patthana/patthana22,patthana22.27_root-pli-ms
abhidhamma/patthana/patthana22,patthana22.28_root-pli-ms
abhidhamma/patthana/patthana22,patthana22.29_root-pli-ms
abhidhamma/patthana/patthana22,patthana22.2_root-pli-ms
abhidhamma/patthana/patthana22,patthana22.30_root-pli-ms
abhidhamma/patthana/patthana22,patthana22.31_root-pli-ms
abhidhamma/patthana/patthana22,patthana22.32_root-pli-ms
abhidhamma/patthana/patthana22,patthana22.33_root-pli-ms
abhidhamma/patthana/patthana22,patthana22.34_root-pli-ms
abhidhamma/patthana/patthana22,patthana22.35_root-pli-ms
abhidhamma/patthana/patthana22,patthana22.36_root-pli-ms
abhidhamma/patthana/patthana22,patthana22.3_root-pli-ms
abhidhamma/patthana/patthana22,patthana22.4_root-pli-ms
abhidhamma/patthana/patthana22,patthana22.5_root-pli-ms
abhidhamma/patthana/patthana22,patthana22.6_root-pli-ms
abhidhamma/patthana/patthana22,patthana22.7_root-pli-ms
abhidhamma/patthana/patthana22,patthana22.8_root-pli-ms
abhidhamma/patthana/patthana22,patthana22.9_root-pli-ms
abhidhamma/patthana/patthana23,patthana23.10_root-pli-ms
abhidhamma/patthana/patthana23,patthana23.11_root-pli-ms
abhidhamma/patthana/patthana23,patthana23.12_root-pli-ms
abhidhamma/patthana/patthana23,patthana23.13_root-pli-ms
abhidhamma/patthana/patthana23,patthana23.14_root-pli-ms
abhidhamma/patthana/patthana23,patthana23.15_root-pli-ms
abhidhamma/patthana/patthana23,patthana23.16_root-pli-ms
abhidhamma/patthana/patthana23,patthana23.17_root-pli-ms
abhidhamma/patthana/patthana23,patthana23.18_root-pli-ms
abhidhamma/patthana/patthana23,patthana23.19_root-pli-ms
abhidhamma/patthana/patthana23,patthana23.1_root-pli-ms
abhidhamma/patthana/patthana23,patthana23.20_root-pli-ms
abhidhamma/patthana/patthana23,patthana23.21_root-pli-ms
abhidhamma/patthana/patthana23,patthana23.22_root-pli-ms
abhidhamma/patthana/patthana23,patthana23.23_root-pli-ms
abhidhamma/patthana/patthana23,patthana23.24_root-pli-ms
abhidhamma/patthana/patthana23,patthana23.25_root-pli-ms
abhidhamma/patthana/patthana23,patthana23.26_root-pli-ms
abhidhamma/patthana/patthana23,patthana23.27_root-pli-ms
abhidhamma/patthana/patthana23,patthana23.28_root-pli-ms
abhidhamma/patthana/patthana23,patthana23.29_root-pli-ms
abhidhamma/patthana/patthana23,patthana23.2_root-pli-ms
abhidhamma/patthana/patthana23,patthana23.30_root-pli-ms
abhidhamma/patthana/patthana23,patthana23.31_root-pli-ms
abhidhamma/patthana/patthana23,patthana23.32_root-pli-ms
abhidhamma/patthana/patthana23,patthana23.33_root-pli-ms
abhidhamma/patthana/patthana23,patthana23.34_root-pli-ms
abhidhamma/patthana/patthana23,patthana23.35_root-pli-ms
abhidhamma/patthana/patthana23,patthana23.36_root-pli-ms
abhidhamma/patthana/patthana23,patthana23.37_root-pli-ms
abhidhamma/patthana/patthana23,patthana23.38_root-pli-ms
abhidhamma/patthana/patthana23,patthana23.39_root-pli-ms
abhidhamma/patthana/patthana23,patthana23.3_root-pli-ms
abhidhamma/patthana/patthana23,patthana23.40_root-pli-ms
abhidhamma/patthana/patthana23,patthana23.41_root-pli-ms
abhidhamma/patthana/patthana23,patthana23.42_root-pli-ms
abhidhamma/patthana/patthana23,patthana23.43_root-pli-ms
abhidhamma/patthana/patthana23,patthana23.44_root-pli-ms
abhidhamma/patthana/patthana23,patthana23.45_root-pli-ms
abhidhamma/patthana/patthana23,patthana23.46_root-pli-ms
abhidhamma/patthana/patthana23,patthana23.47_root-pli-ms
abhidhamma/patthana/patthana23,patthana23.48_root-pli-ms
abhidhamma/patthana/patthana23,patthana23.49_root-pli-ms
abhidhamma/patthana/patthana23,patthana23.4_root-pli-ms
abhidhamma/patthana/patthana23,patthana23.50_root-pli-ms
abhidhamma/patthana/patthana23,patthana23.51_root-pli-ms
abhidhamma/patthana/patthana23,patthana23.52_root-pli-ms
abhidhamma/patthana/patthana23,patthana23.53_root-pli-ms
abhidhamma/patthana/patthana23,patthana23.54_root-pli-ms
abhidhamma/patthana/patthana23,patthana23.55_root-pli-ms
abhidhamma/patthana/patthana23,patthana23.56_root-pli-ms
abhidhamma/patthana/patthana23,patthana23.57_root-pli-ms
abhidhamma/patthana/patthana23,patthana23.58_root-pli-ms
abhidhamma/patthana/patthana23,patthana23.5_root-pli-ms
abhidhamma/patthana/patthana23,patthana23.6_root-pli-ms
abhidhamma/patthana/patthana23,patthana23.7_root-pli-ms
abhidhamma/patthana/patthana23,patthana23.8_root-pli-ms
abhidhamma/patthana/patthana23,patthana23.9_root-pli-ms
abhidhamma/patthana/patthana24,patthana24.10_root-pli-ms
abhidhamma/patthana/patthana24,patthana24.11_root-pli-ms
abhidhamma/patthana/patthana24,patthana24.12_root-pli-ms
abhidhamma/patthana/patthana24,patthana24.13_root-pli-ms
abhidhamma/patthana/patthana24,patthana24.14_root-pli-ms
abhidhamma/patthana/patthana24,patthana24.15_root-pli-ms
abhidhamma/patthana/patthana24,patthana24.16_root-pli-ms
abhidhamma/patthana/patthana24,patthana24.17_root-pli-ms
abhidhamma/patthana/patthana24,patthana24.18_root-pli-ms
abhidhamma/patthana/patthana24,patthana24.19_root-pli-ms
abhidhamma/patthana/patthana24,patthana24.1_root-pli-ms
abhidhamma/patthana/patthana24,patthana24.20_root-pli-ms
abhidhamma/patthana/patthana24,patthana24.21_root-pli-ms
abhidhamma/patthana/patthana24,patthana24.22_root-pli-ms
abhidhamma/patthana/patthana24,patthana24.2_root-pli-ms
abhidhamma/patthana/patthana24,patthana24.3_root-pli-ms
abhidhamma/patthana/patthana24,patthana24.4_root-pli-ms
abhidhamma/patthana/patthana24,patthana24.5_root-pli-ms
abhidhamma/patthana/patthana24,patthana24.6_root-pli-ms
abhidhamma/patthana/patthana24,patthana24.7_root-pli-ms
abhidhamma/patthana/patthana24,patthana24.8_root-pli-ms
abhidhamma/patthana/patthana24,patthana24.9_root-pli-ms
abhidhamma/patthana/patthana3,patthana3.10_root-pli-ms
abhidhamma/patthana/patthana3,patthana3.11_root-pli-ms
abhidhamma/patthana/patthana3,patthana3.12_root-pli-ms
abhidhamma/patthana/patthana3,patthana3.13_root-pli-ms
abhidhamma/patthana/patthana3,patthana3.14_root-pli-ms
abhidhamma/patthana/patthana3,patthana3.1_root-pli-ms
abhidhamma/patthana/patthana3,patthana3.2_root-pli-ms
abhidhamma/patthana/patthana3,patthana3.3_root-pli-ms
abhidhamma/patthana/patthana3,patthana3.4_root-pli-ms
abhidhamma/patthana/patthana3,patthana3.5_root-pli-ms
abhidhamma/patthana/patthana3,patthana3.6_root-pli-ms
abhidhamma/patthana/patthana3,patthana3.7_root-pli-ms
abhidhamma/patthana/patthana3,patthana3.8_root-pli-ms
abhidhamma/patthana/patthana3,patthana3.9_root-pli-ms
abhidhamma/patthana/patthana4,patthana4.1_root-pli-ms
abhidhamma/patthana/patthana4,patthana4.2_root-pli-ms
abhidhamma/patthana/patthana4,patthana4.3_root-pli-ms
abhidhamma/patthana/patthana4,patthana4.4_root-pli-ms
abhidhamma/patthana/patthana4,patthana4.5_root-pli-ms
abhidhamma/patthana/patthana4,patthana4.6_root-pli-ms
abhidhamma/patthana/patthana4,patthana4.7_root-pli-ms
abhidhamma/patthana/patthana4,patthana4.8_root-pli-ms
abhidhamma/patthana/patthana5,patthana5.1_root-pli-ms
abhidhamma/patthana/patthana5,patthana5.2_root-pli-ms
abhidhamma/patthana/patthana6,patthana6.1_root-pli-ms
abhidhamma/patthana/patthana7,patthana7.10_root-pli-ms
abhidhamma/patthana/patthana7,patthana7.11_root-pli-ms
abhidhamma/patthana/patthana7,patthana7.12_root-pli-ms
abhidhamma/patthana/patthana7,patthana7.13_root-pli-ms
abhidhamma/patthana/patthana7,patthana7.14_root-pli-ms
abhidhamma/patthana/patthana7,patthana7.15_root-pli-ms
abhidhamma/patthana/patthana7,patthana7.16_root-pli-ms
abhidhamma/patthana/patthana7,patthana7.17_root-pli-ms
abhidhamma/patthana/patthana7,patthana7.18_root-pli-ms
abhidhamma/patthana/patthana7,patthana7.19_root-pli-ms
abhidhamma/patthana/patthana7,patthana7.1_root-pli-ms
abhidhamma/patthana/patthana7,patthana7.20_root-pli-ms
abhidhamma/patthana/patthana7,patthana7.21_root-pli-ms
abhidhamma/patthana/patthana7,patthana7.22_root-pli-ms
abhidhamma/patthana/patthana7,patthana7.2_root-pli-ms
abhidhamma/patthana/patthana7,patthana7.3_root-pli-ms
abhidhamma/patthana/patthana7,patthana7.4_root-pli-ms
abhidhamma/patthana/patthana7,patthana7.5_root-pli-ms
abhidhamma/patthana/patthana7,patthana7.6_root-pli-ms
abhidhamma/patthana/patthana7,patthana7.7_root-pli-ms
abhidhamma/patthana/patthana7,patthana7.8_root-pli-ms
abhidhamma/patthana/patthana7,patthana7.9_root-pli-ms
abhidhamma/patthana/patthana8,patthana8.10_root-pli-ms
abhidhamma/patthana/patthana8,patthana8.11_root-pli-ms
abhidhamma/patthana/patthana8,patthana8.12_root-pli-ms
abhidhamma/patthana/patthana8,patthana8.13_root-pli-ms
abhidhamma/patthana/patthana8,patthana8.14_root-pli-ms
abhidhamma/patthana/patthana8,patthana8.15_root-pli-ms
abhidhamma/patthana/patthana8,patthana8.16_root-pli-ms
abhidhamma/patthana/patthana8,patthana8.17_root-pli-ms
abhidhamma/patthana/patthana8,patthana8.18_root-pli-ms
abhidhamma/patthana/patthana8,patthana8.19_root-pli-ms
abhidhamma/patthana/patthana8,patthana8.1_root-pli-ms
abhidhamma/patthana/patthana8,patthana8.20_root-pli-ms
abhidhamma/patthana/patthana8,patthana8.21_root-pli-ms
abhidhamma/patthana/patthana8,patthana8.22_root-pli-ms
abhidhamma/patthana/patthana8,patthana8.23_root-pli-ms
abhidhamma/patthana/patthana8,patthana8.24_root-pli-ms
abhidhamma/patthana/patthana8,patthana8.25_root-pli-ms
abhidhamma/patthana/patthana8,patthana8.26_root-pli-ms
abhidhamma/patthana/patthana8,patthana8.27_root-pli-ms
abhidhamma/patthana/patthana8,patthana8.28_root-pli-ms
abhidhamma/patthana/patthana8,patthana8.29_root-pli-ms
abhidhamma/patthana/patthana8,patthana8.2_root-pli-ms
abhidhamma/patthana/patthana8,patthana8.30_root-pli-ms
abhidhamma/patthana/patthana8,patthana8.31_root-pli-ms
abhidhamma/patthana/patthana8,patthana8.32_root-pli-ms
abhidhamma/patthana/patthana8,patthana8.33_root-pli-ms
abhidhamma/patthana/patthana8,patthana8.34_root-pli-ms
abhidhamma/patthana/patthana8,patthana8.35_root-pli-ms
abhidhamma/patthana/patthana8,patthana8.36_root-pli-ms
abhidhamma/patthana/patthana8,patthana8.37_root-pli-ms
abhidhamma/patthana/patthana8,patthana8.38_root-pli-ms
abhidhamma/patthana/patthana8,patthana8.39_root-pli-ms
abhidhamma/patthana/patthana8,patthana8.3_root-pli-ms
abhidhamma/patthana/patthana8,patthana8.40_root-pli-ms
abhidhamma/patthana/patthana8,patthana8.41_root-pli-ms
abhidhamma/patthana/patthana8,patthana8.42_root-pli-ms
abhidhamma/patthana/patthana8,patthana8.43_root-pli-ms
abhidhamma/patthana/patthana8,patthana8.44_root-pli-ms
abhidhamma/patthana/patthana8,patthana8.45_root-pli-ms
abhidhamma/patthana/patthana8,patthana8.46_root-pli-ms
abhidhamma/patthana/patthana8,patthana8.47_root-pli-ms
abhidhamma/patthana/patthana8,patthana8.48_root-pli-ms
abhidhamma/patthana/patthana8,patthana8.49_root-pli-ms
abhidhamma/patthana/patthana8,patthana8.4_root-pli-ms
abhidhamma/patthana/patthana8,patthana8.50_root-pli-ms
abhidhamma/patthana/patthana8,patthana8.51_root-pli-ms
abhidhamma/patthana/patthana8,patthana8.52_root-pli-ms
abhidhamma/patthana/patthana8,patthana8.53_root-pli-ms
abhidhamma/patthana/patthana8,patthana8.54_root-pli-ms
abhidhamma/patthana/patthana8,patthana8.55_root-pli-ms
abhidhamma/patthana/patthana8,patthana8.56_root-pli-ms
abhidhamma/patthana/patthana8,patthana8.57_root-pli-ms
abhidhamma/patthana/patthana8,patthana8.58_root-pli-ms
abhidhamma/patthana/patthana8,patthana8.59_root-pli-ms
abhidhamma/patthana/patthana8,patthana8.5_root-pli-ms
abhidhamma/patthana/patthana8,patthana8.60_root-pli-ms
abhidhamma/patthana/patthana8,patthana8.61_root-pli-ms
abhidhamma/patthana/patthana8,patthana8.62_root-pli-ms
abhidhamma/patthana/patthana8,patthana8.63_root-pli-ms
abhidhamma/patthana/patthana8,patthana8.64_root-pli-ms
abhidhamma/patthana/patthana8,patthana8.65_root-pli-ms
abhidhamma/patthana/patthana8,patthana8.66_root-pli-ms
abhidhamma/patthana/patthana8,patthana8.67_root-pli-ms
abhidhamma/patthana/patthana8,patthana8.68_root-pli-ms
abhidhamma/patthana/patthana8,patthana8.69_root-pli-ms
abhidhamma/patthana/patthana8,patthana8.6_root-pli-ms
abhidhamma/patthana/patthana8,patthana8.70_root-pli-ms
abhidhamma/patthana/patthana8,patthana8.71_root-pli-ms
abhidhamma/patthana/patthana8,patthana8.72_root-pli-ms
abhidhamma/patthana/patthana8,patthana8.73_root-pli-ms
abhidhamma/patthana/patthana8,patthana8.74_root-pli-ms
abhidhamma/patthana/patthana8,patthana8.7_root-pli-ms
abhidhamma/patthana/patthana8,patthana8.8_root-pli-ms
abhidhamma/patthana/patthana8,patthana8.9_root-pli-ms
abhidhamma/patthana/patthana9,patthana9.10_root-pli-ms
abhidhamma/patthana/patthana9,patthana9.11_root-pli-ms
abhidhamma/patthana/patthana9,patthana9.12_root-pli-ms
abhidhamma/patthana/patthana9,patthana9.13_root-pli-ms
abhidhamma/patthana/patthana9,patthana9.14_root-pli-ms
abhidhamma/patthana/patthana9,patthana9.15_root-pli-ms
abhidhamma/patthana/patthana9,patthana9.16_root-pli-ms
abhidhamma/patthana/patthana9,patthana9.17_root-pli-ms
abhidhamma/patthana/patthana9,patthana9.1_root-pli-ms
abhidhamma/patthana/patthana9,patthana9.2_root-pli-ms
abhidhamma/patthana/patthana9,patthana9.3_root-pli-ms
abhidhamma/patthana/patthana9,patthana9.4_root-pli-ms
abhidhamma/patthana/patthana9,patthana9.5_root-pli-ms
abhidhamma/patthana/patthana9,patthana9.6_root-pli-ms
abhidhamma/patthana/patthana9,patthana9.7_root-pli-ms
abhidhamma/patthana/patthana9,patthana9.8_root-pli-ms
abhidhamma/patthana/patthana9,patthana9.9_root-pli-ms
abhidhamma/pp/pp1,pp1.10_root-pli-ms
abhidhamma/pp/pp1,pp1.1_root-pli-ms
abhidhamma/pp/pp1,pp1.2_root-pli-ms
abhidhamma/pp/pp1,pp1.3_root-pli-ms
abhidhamma/pp/pp1,pp1.4_root-pli-ms
abhidhamma/pp/pp1,pp1.5_root-pli-ms
abhidhamma/pp/pp1,pp1.6_root-pli-ms
abhidhamma/pp/pp1,pp1.7_root-pli-ms
abhidhamma/pp/pp1,pp1.8_root-pli-ms
abhidhamma/pp/pp1,pp1.9_root-pli-ms
abhidhamma/pp/pp2,pp2.10_root-pli-ms
abhidhamma/pp/pp2,pp2.1_root-pli-ms
abhidhamma/pp/pp2,pp2.2_root-pli-ms
abhidhamma/pp/pp2,pp2.3_root-pli-ms
abhidhamma/pp/pp2,pp2.4_root-pli-ms
abhidhamma/pp/pp2,pp2.5_root-pli-ms
abhidhamma/pp/pp2,pp2.6_root-pli-ms
abhidhamma/pp/pp2,pp2.7_root-pli-ms
abhidhamma/pp/pp2,pp2.8_root-pli-ms
abhidhamma/pp/pp2,pp2.9_root-pli-ms
abhidhamma/vb,vb10_root-pli-ms
abhidhamma/vb,vb11_root-pli-ms
abhidhamma/vb,vb12_root-pli-ms
abhidhamma/vb,vb13_root-pli-ms
abhidhamma/vb,vb14_root-pli-ms
abhidhamma/vb,vb15_root-pli-ms
abhidhamma/vb,vb16_root-pli-ms
abhidhamma/vb,vb17_root-pli-ms
abhidhamma/vb,vb18_root-pli-ms
abhidhamma/vb,vb1_root-pli-ms
abhidhamma/vb,vb2_root-pli-ms
abhidhamma/vb,vb3_root-pli-ms
abhidhamma/vb,vb4_root-pli-ms
abhidhamma/vb,vb5_root-pli-ms
abhidhamma/vb,vb6_root-pli-ms
abhidhamma/vb,vb7_root-pli-ms
abhidhamma/vb,vb8_root-pli-ms
abhidhamma/vb,vb9_root-pli-ms
abhidhamma/ya/ya1,ya1.1.1_root-pli-ms
abhidhamma/ya/ya1,ya1.1.2_root-pli-ms
abhidhamma/ya/ya1,ya1.2.1_root-pli-ms
abhidhamma/ya/ya1,ya1.2.2_root-pli-ms
abhidhamma/ya/ya10,ya10.1.1_root-pli-ms
abhidhamma/ya/ya10,ya10.1.2_root-pli-ms
abhidhamma/ya/ya10,ya10.2.1_root-pli-ms
abhidhamma/ya/ya10,ya10.3.1_root-pli-ms
abhidhamma/ya/ya10,ya10.3.2_root-pli-ms
abhidhamma/ya/ya10,ya10.3.3_root-pli-ms
abhidhamma/ya/ya10,ya10.3.4_root-pli-ms
abhidhamma/ya/ya10,ya10.3.5_root-pli-ms
abhidhamma/ya/ya10,ya10.3.6_root-pli-ms
abhidhamma/ya/ya2,ya2.1.1_root-pli-ms
abhidhamma/ya/ya2,ya2.1.2_root-pli-ms
abhidhamma/ya/ya2,ya2.2.1_root-pli-ms
abhidhamma/ya/ya2,ya2.2.2_root-pli-ms
abhidhamma/ya/ya2,ya2.2.3_root-pli-ms
abhidhamma/ya/ya2,ya2.3.1_root-pli-ms
abhidhamma/ya/ya2,ya2.3.2_root-pli-ms
abhidhamma/ya/ya2,ya2.3.3_root-pli-ms
abhidhamma/ya/ya2,ya2.3.4_root-pli-ms
abhidhamma/ya/ya2,ya2.3.5_root-pli-ms
abhidhamma/ya/ya2,ya2.3.6_root-pli-ms
abhidhamma/ya/ya3,ya3.1.1_root-pli-ms
abhidhamma/ya/ya3,ya3.1.2_root-pli-ms
abhidhamma/ya/ya3,ya3.2.1_root-pli-ms
abhidhamma/ya/ya3,ya3.2.2_root-pli-ms
abhidhamma/ya/ya3,ya3.2.3_root-pli-ms
abhidhamma/ya/ya3,ya3.3.1_root-pli-ms
abhidhamma/ya/ya3,ya3.3.2_root-pli-ms
abhidhamma/ya/ya3,ya3.3.3_root-pli-ms
abhidhamma/ya/ya3,ya3.3.4_root-pli-ms
abhidhamma/ya/ya3,ya3.3.5_root-pli-ms
abhidhamma/ya/ya3,ya3.3.6_root-pli-ms
abhidhamma/ya/ya4,ya4.1.1_root-pli-ms
abhidhamma/ya/ya4,ya4.1.2_root-pli-ms
abhidhamma/ya/ya4,ya4.2.1_root-pli-ms
abhidhamma/ya/ya4,ya4.3_root-pli-ms
abhidhamma/ya/ya5,ya5.1.1_root-pli-ms
abhidhamma/ya/ya5,ya5.1.2_root-pli-ms
abhidhamma/ya/ya5,ya5.2.1_root-pli-ms
abhidhamma/ya/ya5,ya5.2.2_root-pli-ms
abhidhamma/ya/ya5,ya5.2.3_root-pli-ms
abhidhamma/ya/ya5,ya5.3.1_root-pli-ms
abhidhamma/ya/ya5,ya5.3.2_root-pli-ms
abhidhamma/ya/ya5,ya5.3.3_root-pli-ms
abhidhamma/ya/ya5,ya5.3.4_root-pli-ms
abhidhamma/ya/ya5,ya5.3.5_root-pli-ms
abhidhamma/ya/ya5,ya5.3.6_root-pli-ms
abhidhamma/ya/ya6,ya6.1.1_root-pli-ms
abhidhamma/ya/ya6,ya6.1.2_root-pli-ms
abhidhamma/ya/ya6,ya6.2.1_root-pli-ms
abhidhamma/ya/ya6,ya6.2.2_root-pli-ms
abhidhamma/ya/ya6,ya6.2.3_root-pli-ms
abhidhamma/ya/ya6,ya6.3_root-pli-ms
abhidhamma/ya/ya7,ya7.1_root-pli-ms
abhidhamma/ya/ya7,ya7.2.1_root-pli-ms
abhidhamma/ya/ya7,ya7.2.2_root-pli-ms
abhidhamma/ya/ya7,ya7.2.3_root-pli-ms
abhidhamma/ya/ya7,ya7.2.4_root-pli-ms
abhidhamma/ya/ya7,ya7.2.5_root-pli-ms
abhidhamma/ya/ya7,ya7.2.6_root-pli-ms
abhidhamma/ya/ya7,ya7.2.7_root-pli-ms
abhidhamma/ya/ya7,ya7.2.8_root-pli-ms
abhidhamma/ya/ya8,ya8.1.1_root-pli-ms
abhidhamma/ya/ya8,ya8.1.2_root-pli-ms
abhidhamma/ya/ya8,ya8.1.3_root-pli-ms
abhidhamma/ya/ya8,ya8.2.1_root-pli-ms
abhidhamma/ya/ya8,ya8.2.2_root-pli-ms
abhidhamma/ya/ya8,ya8.2.3_root-pli-ms
abhidhamma/ya/ya9,ya9.1.1_root-pli-ms
abhidhamma/ya/ya9,ya9.1.2_root-pli-ms
abhidhamma/ya/ya9,ya9.2.1_root-pli-ms
abhidhamma/ya/ya9,ya9.2.2_root-pli-ms
abhidhamma/ya/ya9,ya9.2.3_root-pli-ms
abhidhamma/ya/ya9,ya9.3_root-pli-ms
